<?xml version="1.0" encoding="UTF-8"?>
<!DOCTYPE mapping PUBLIC "-//EXOLAB/Castor Mapping DTD Version 1.0//EN" "http://castor.org/mapping.dtd">

<mapping>
	<class name="net.sf.jasperreports.data.random.RandomDataAdapterImpl">
		<map-to xml="randomDataAdapter" />
		<field name="class" type="java.lang.Class" handler="net.sf.jasperreports.data.ClassNameFieldHandler">
			<bind-xml name="class" node="attribute" />
		</field>
		<field name="name" type="string">
			<bind-xml name="name" node="element" />
		</field>
		<field name="recordNumber" type="int">
			<bind-xml name="recordNumber" node="element" />
		</field>
	</class>
</mapping>